Price,close
Ticker,^GSPC
date,
2015-01-02,2058.199951
2015-01-05,2020.579956
2015-01-06,2002.609985
2015-01-07,2025.900024
2015-01-08,2062.139893
2015-01-09,2044.810059
2015-01-12,2028.260010
2015-01-13,2023.030029
2015-01-14,2011.270020
2015-01-15,1992.670044
2015-01-16,2019.420044
2015-01-19,2019.420044
2015-01-20,2022.550049
2015-01-21,2032.119995
2015-01-22,2063.149902
2015-01-23,2051.820068
2015-01-26,2057.090088
2015-01-27,2029.550049
2015-01-28,2002.160034
2015-01-29,2021.250000
2015-01-30,1994.989990
2015-02-02,2020.849976
2015-02-03,2050.030029
2015-02-04,2041.510010
2015-02-05,2062.520020
2015-02-06,2055.469971
2015-02-09,2046.739990
2015-02-10,2068.590088
2015-02-11,2068.530029
2015-02-12,2088.479980
2015-02-13,2096.989990
2015-02-16,2096.989990
2015-02-17,2100.340088
2015-02-18,2099.679932
2015-02-19,2097.449951
2015-02-20,2110.300049
2015-02-23,2109.659912
2015-02-24,2115.479980
2015-02-25,2113.860107
2015-02-26,2110.739990
2015-02-27,2104.500000
2015-03-02,2117.389893
2015-03-03,2107.780029
2015-03-04,2098.530029
2015-03-05,2101.040039
2015-03-06,2071.260010
2015-03-09,2079.429932
2015-03-10,2044.160034
2015-03-11,2040.239990
2015-03-12,2065.949951
2015-03-13,2053.399902
2015-03-16,2081.189941
2015-03-17,2074.280029
2015-03-18,2099.500000
2015-03-19,2089.270020
2015-03-20,2108.100098
2015-03-23,2104.419922
2015-03-24,2091.500000
2015-03-25,2061.050049
2015-03-26,2056.149902
2015-03-27,2061.020020
2015-03-30,2086.239990
2015-03-31,2067.889893
2015-04-01,2059.689941
2015-04-02,2066.959961
2015-04-03,2066.959961
2015-04-06,2080.620117
2015-04-07,2076.330078
2015-04-08,2081.899902
2015-04-09,2091.179932
2015-04-10,2102.060059
2015-04-13,2092.429932
2015-04-14,2095.840088
2015-04-15,2106.629883
2015-04-16,2104.989990
2015-04-17,2081.179932
2015-04-20,2100.399902
2015-04-21,2097.290039
2015-04-22,2107.959961
2015-04-23,2112.929932
2015-04-24,2117.689941
2015-04-27,2108.919922
2015-04-28,2114.760010
2015-04-29,2106.850098
2015-04-30,2085.510010
2015-05-01,2108.290039
2015-05-04,2114.489990
2015-05-05,2089.459961
2015-05-06,2080.149902
2015-05-07,2088.000000
2015-05-08,2116.100098
2015-05-11,2105.330078
2015-05-12,2099.120117
2015-05-13,2098.479980
2015-05-14,2121.100098
2015-05-15,2122.729980
2015-05-18,2129.199951
2015-05-19,2127.830078
2015-05-20,2125.850098
2015-05-21,2130.820068
2015-05-22,2126.060059
2015-05-25,2126.060059
2015-05-26,2104.199951
2015-05-27,2123.479980
2015-05-28,2120.790039
2015-05-29,2107.389893
2015-06-01,2111.729980
2015-06-02,2109.600098
2015-06-03,2114.070068
2015-06-04,2095.840088
2015-06-05,2092.830078
2015-06-08,2079.280029
2015-06-09,2080.149902
2015-06-10,2105.199951
2015-06-11,2108.860107
2015-06-12,2094.110107
2015-06-15,2084.429932
2015-06-16,2096.290039
2015-06-17,2100.439941
2015-06-18,2121.239990
2015-06-19,2109.989990
2015-06-22,2122.850098
2015-06-23,2124.199951
2015-06-24,2108.580078
2015-06-25,2102.310059
2015-06-26,2101.489990
2015-06-29,2057.639893
2015-06-30,2063.110107
2015-07-01,2077.419922
2015-07-02,2076.780029
2015-07-03,2076.780029
2015-07-06,2068.760010
2015-07-07,2081.340088
2015-07-08,2046.680054
2015-07-09,2051.310059
2015-07-10,2076.620117
2015-07-13,2099.600098
2015-07-14,2108.949951
2015-07-15,2107.399902
2015-07-16,2124.290039
2015-07-17,2126.639893
2015-07-20,2128.280029
2015-07-21,2119.209961
2015-07-22,2114.149902
2015-07-23,2102.149902
2015-07-24,2079.649902
2015-07-27,2067.639893
2015-07-28,2093.250000
2015-07-29,2108.570068
2015-07-30,2108.629883
2015-07-31,2103.840088
2015-08-03,2098.040039
2015-08-04,2093.320068
2015-08-05,2099.840088
2015-08-06,2083.560059
2015-08-07,2077.570068
2015-08-10,2104.179932
2015-08-11,2084.070068
2015-08-12,2086.050049
2015-08-13,2083.389893
2015-08-14,2091.540039
2015-08-17,2102.439941
2015-08-18,2096.919922
2015-08-19,2079.610107
2015-08-20,2035.729980
2015-08-21,1970.890015
2015-08-24,1893.209961
2015-08-25,1867.609985
2015-08-26,1940.510010
2015-08-27,1987.660034
2015-08-28,1988.869995
2015-08-31,1972.180054
2015-09-01,1913.849976
2015-09-02,1948.859985
2015-09-03,1951.130005
2015-09-04,1921.219971
2015-09-07,1921.219971
2015-09-08,1969.410034
2015-09-09,1942.040039
2015-09-10,1952.290039
2015-09-11,1961.050049
2015-09-14,1953.030029
2015-09-15,1978.089966
2015-09-16,1995.310059
2015-09-17,1990.199951
2015-09-18,1958.030029
2015-09-21,1966.969971
2015-09-22,1942.739990
2015-09-23,1938.760010
2015-09-24,1932.239990
2015-09-25,1931.339966
2015-09-28,1881.770020
2015-09-29,1884.089966
2015-09-30,1920.030029
2015-10-01,1923.819946
2015-10-02,1951.359985
2015-10-05,1987.050049
2015-10-06,1979.920044
2015-10-07,1995.829956
2015-10-08,2013.430054
2015-10-09,2014.890015
2015-10-12,2017.459961
2015-10-13,2003.689941
2015-10-14,1994.239990
2015-10-15,2023.859985
2015-10-16,2033.109985
2015-10-19,2033.660034
2015-10-20,2030.770020
2015-10-21,2018.939941
2015-10-22,2052.510010
2015-10-23,2075.149902
2015-10-26,2071.179932
2015-10-27,2065.889893
2015-10-28,2090.350098
2015-10-29,2089.409912
2015-10-30,2079.360107
2015-11-02,2104.050049
2015-11-03,2109.790039
2015-11-04,2102.310059
2015-11-05,2099.929932
2015-11-06,2099.199951
2015-11-09,2078.580078
2015-11-10,2081.719971
2015-11-11,2075.000000
2015-11-12,2045.969971
2015-11-13,2023.040039
2015-11-16,2053.189941
2015-11-17,2050.439941
2015-11-18,2083.580078
2015-11-19,2081.239990
2015-11-20,2089.169922
2015-11-23,2086.590088
2015-11-24,2089.139893
2015-11-25,2088.870117
2015-11-26,2088.870117
2015-11-27,2090.110107
2015-11-30,2080.409912
2015-12-01,2102.629883
2015-12-02,2079.510010
2015-12-03,2049.620117
2015-12-04,2091.689941
2015-12-07,2077.070068
2015-12-08,2063.590088
2015-12-09,2047.619995
2015-12-10,2052.229980
2015-12-11,2012.369995
2015-12-14,2021.939941
2015-12-15,2043.410034
2015-12-16,2073.070068
2015-12-17,2041.890015
2015-12-18,2005.550049
2015-12-21,2021.150024
2015-12-22,2038.969971
2015-12-23,2064.290039
2015-12-24,2060.989990
2015-12-25,2060.989990
2015-12-28,2056.500000
2015-12-29,2078.360107
2015-12-30,2063.360107
2015-12-31,2043.939941
2016-01-01,2043.939941
2016-01-04,2012.660034
2016-01-05,2016.709961
2016-01-06,1990.260010
2016-01-07,1943.089966
2016-01-08,1922.030029
2016-01-11,1923.670044
2016-01-12,1938.680054
2016-01-13,1890.280029
2016-01-14,1921.839966
2016-01-15,1880.329956
2016-01-18,1880.329956
2016-01-19,1881.329956
2016-01-20,1859.329956
2016-01-21,1868.989990
2016-01-22,1906.900024
2016-01-25,1877.079956
2016-01-26,1903.630005
2016-01-27,1882.949951
2016-01-28,1893.359985
2016-01-29,1940.239990
2016-02-01,1939.380005
2016-02-02,1903.030029
2016-02-03,1912.530029
2016-02-04,1915.449951
2016-02-05,1880.050049
2016-02-08,1853.439941
2016-02-09,1852.209961
2016-02-10,1851.859985
2016-02-11,1829.079956
2016-02-12,1864.780029
2016-02-15,1864.780029
2016-02-16,1895.579956
2016-02-17,1926.819946
2016-02-18,1917.829956
2016-02-19,1917.780029
2016-02-22,1945.500000
2016-02-23,1921.270020
2016-02-24,1929.800049
2016-02-25,1951.699951
2016-02-26,1948.050049
2016-02-29,1932.229980
2016-03-01,1978.349976
2016-03-02,1986.449951
2016-03-03,1993.400024
2016-03-04,1999.989990
2016-03-07,2001.760010
2016-03-08,1979.260010
2016-03-09,1989.260010
2016-03-10,1989.569946
2016-03-11,2022.189941
2016-03-14,2019.640015
2016-03-15,2015.930054
2016-03-16,2027.219971
2016-03-17,2040.589966
2016-03-18,2049.580078
2016-03-21,2051.600098
2016-03-22,2049.800049
2016-03-23,2036.709961
2016-03-24,2035.939941
2016-03-25,2035.939941
2016-03-28,2037.050049
2016-03-29,2055.010010
2016-03-30,2063.949951
2016-03-31,2059.739990
2016-04-01,2072.780029
2016-04-04,2066.129883
2016-04-05,2045.170044
2016-04-06,2066.659912
2016-04-07,2041.910034
2016-04-08,2047.599976
2016-04-11,2041.989990
2016-04-12,2061.719971
2016-04-13,2082.419922
2016-04-14,2082.780029
2016-04-15,2080.729980
2016-04-18,2094.340088
2016-04-19,2100.800049
2016-04-20,2102.399902
2016-04-21,2091.479980
2016-04-22,2091.580078
2016-04-25,2087.790039
2016-04-26,2091.699951
2016-04-27,2095.149902
2016-04-28,2075.810059
2016-04-29,2065.300049
2016-05-02,2081.429932
2016-05-03,2063.370117
2016-05-04,2051.120117
2016-05-05,2050.629883
2016-05-06,2057.139893
2016-05-09,2058.689941
2016-05-10,2084.389893
2016-05-11,2064.459961
2016-05-12,2064.110107
2016-05-13,2046.609985
2016-05-16,2066.659912
2016-05-17,2047.209961
2016-05-18,2047.630005
2016-05-19,2040.040039
2016-05-20,2052.320068
2016-05-23,2048.040039
2016-05-24,2076.060059
2016-05-25,2090.540039
2016-05-26,2090.100098
2016-05-27,2099.060059
2016-05-30,2099.060059
2016-05-31,2096.949951
2016-06-01,2099.330078
2016-06-02,2105.260010
2016-06-03,2099.129883
2016-06-06,2109.409912
2016-06-07,2112.129883
2016-06-08,2119.120117
2016-06-09,2115.479980
2016-06-10,2096.070068
2016-06-13,2079.060059
2016-06-14,2075.320068
2016-06-15,2071.500000
2016-06-16,2077.989990
2016-06-17,2071.219971
2016-06-20,2083.250000
2016-06-21,2088.899902
2016-06-22,2085.449951
2016-06-23,2113.320068
2016-06-24,2037.410034
2016-06-27,2000.540039
2016-06-28,2036.089966
2016-06-29,2070.770020
2016-06-30,2098.860107
2016-07-01,2102.949951
2016-07-04,2102.949951
2016-07-05,2088.550049
2016-07-06,2099.729980
2016-07-07,2097.899902
2016-07-08,2129.899902
2016-07-11,2137.159912
2016-07-12,2152.139893
2016-07-13,2152.429932
2016-07-14,2163.750000
2016-07-15,2161.739990
2016-07-18,2166.889893
2016-07-19,2163.780029
2016-07-20,2173.020020
2016-07-21,2165.169922
2016-07-22,2175.030029
2016-07-25,2168.479980
2016-07-26,2169.179932
2016-07-27,2166.580078
2016-07-28,2170.060059
2016-07-29,2173.600098
2016-08-01,2170.840088
2016-08-02,2157.030029
2016-08-03,2163.790039
2016-08-04,2164.250000
2016-08-05,2182.870117
2016-08-08,2180.889893
2016-08-09,2181.739990
2016-08-10,2175.489990
2016-08-11,2185.790039
2016-08-12,2184.050049
2016-08-15,2190.149902
2016-08-16,2178.149902
2016-08-17,2182.219971
2016-08-18,2187.020020
2016-08-19,2183.870117
2016-08-22,2182.639893
2016-08-23,2186.899902
2016-08-24,2175.439941
2016-08-25,2172.469971
2016-08-26,2169.040039
2016-08-29,2180.379883
2016-08-30,2176.120117
2016-08-31,2170.949951
2016-09-01,2170.860107
2016-09-02,2179.979980
2016-09-05,2179.979980
2016-09-06,2186.479980
2016-09-07,2186.159912
2016-09-08,2181.300049
2016-09-09,2127.810059
2016-09-12,2159.040039
2016-09-13,2127.020020
2016-09-14,2125.770020
2016-09-15,2147.260010
2016-09-16,2139.159912
2016-09-19,2139.120117
2016-09-20,2139.760010
2016-09-21,2163.120117
2016-09-22,2177.179932
2016-09-23,2164.689941
2016-09-26,2146.100098
2016-09-27,2159.929932
2016-09-28,2171.370117
2016-09-29,2151.129883
2016-09-30,2168.270020
2016-10-03,2161.199951
2016-10-04,2150.489990
2016-10-05,2159.729980
2016-10-06,2160.770020
2016-10-07,2153.739990
2016-10-10,2163.659912
2016-10-11,2136.729980
2016-10-12,2139.179932
2016-10-13,2132.550049
2016-10-14,2132.979980
2016-10-17,2126.500000
2016-10-18,2139.600098
2016-10-19,2144.290039
2016-10-20,2141.340088
2016-10-21,2141.159912
2016-10-24,2151.330078
2016-10-25,2143.159912
2016-10-26,2139.429932
2016-10-27,2133.040039
2016-10-28,2126.409912
2016-10-31,2126.149902
2016-11-01,2111.719971
2016-11-02,2097.939941
2016-11-03,2088.659912
2016-11-04,2085.179932
2016-11-07,2131.520020
2016-11-08,2139.560059
2016-11-09,2163.260010
2016-11-10,2167.479980
2016-11-11,2164.449951
2016-11-14,2164.199951
2016-11-15,2180.389893
2016-11-16,2176.939941
2016-11-17,2187.120117
2016-11-18,2181.899902
2016-11-21,2198.179932
2016-11-22,2202.939941
2016-11-23,2204.719971
2016-11-24,2204.719971
2016-11-25,2213.350098
2016-11-28,2201.719971
2016-11-29,2204.659912
2016-11-30,2198.810059
2016-12-01,2191.080078
2016-12-02,2191.949951
2016-12-05,2204.709961
2016-12-06,2212.229980
2016-12-07,2241.350098
2016-12-08,2246.189941
2016-12-09,2259.530029
2016-12-12,2256.959961
2016-12-13,2271.719971
2016-12-14,2253.280029
2016-12-15,2262.030029
2016-12-16,2258.070068
2016-12-19,2262.530029
2016-12-20,2270.760010
2016-12-21,2265.179932
2016-12-22,2260.959961
2016-12-23,2263.790039
2016-12-26,2263.790039
2016-12-27,2268.879883
2016-12-28,2249.919922
2016-12-29,2249.260010
2016-12-30,2238.830078
2017-01-02,2238.830078
2017-01-03,2257.830078
2017-01-04,2270.750000
2017-01-05,2269.000000
2017-01-06,2276.979980
2017-01-09,2268.899902
2017-01-10,2268.899902
2017-01-11,2275.320068
2017-01-12,2270.439941
2017-01-13,2274.639893
2017-01-16,2274.639893
2017-01-17,2267.889893
2017-01-18,2271.889893
2017-01-19,2263.689941
2017-01-20,2271.310059
2017-01-23,2265.199951
2017-01-24,2280.070068
2017-01-25,2298.370117
2017-01-26,2296.679932
2017-01-27,2294.689941
2017-01-30,2280.899902
2017-01-31,2278.870117
2017-02-01,2279.550049
2017-02-02,2280.850098
2017-02-03,2297.419922
2017-02-06,2292.560059
2017-02-07,2293.080078
2017-02-08,2294.669922
2017-02-09,2307.870117
2017-02-10,2316.100098
2017-02-13,2328.250000
2017-02-14,2337.580078
2017-02-15,2349.250000
2017-02-16,2347.219971
2017-02-17,2351.159912
2017-02-20,2351.159912
2017-02-21,2365.379883
2017-02-22,2362.820068
2017-02-23,2363.810059
2017-02-24,2367.340088
2017-02-27,2369.750000
2017-02-28,2363.639893
2017-03-01,2395.959961
2017-03-02,2381.919922
2017-03-03,2383.120117
2017-03-06,2375.310059
2017-03-07,2368.389893
2017-03-08,2362.979980
2017-03-09,2364.870117
2017-03-10,2372.600098
2017-03-13,2373.469971
2017-03-14,2365.449951
2017-03-15,2385.260010
2017-03-16,2381.379883
2017-03-17,2378.250000
2017-03-20,2373.469971
2017-03-21,2344.020020
2017-03-22,2348.449951
2017-03-23,2345.959961
2017-03-24,2343.979980
2017-03-27,2341.590088
2017-03-28,2358.570068
2017-03-29,2361.129883
2017-03-30,2368.060059
2017-03-31,2362.719971
2017-04-03,2358.840088
2017-04-04,2360.159912
2017-04-05,2352.949951
2017-04-06,2357.489990
2017-04-07,2355.540039
2017-04-10,2357.159912
2017-04-11,2353.780029
2017-04-12,2344.929932
2017-04-13,2328.949951
2017-04-14,2328.949951
2017-04-17,2349.010010
2017-04-18,2342.189941
2017-04-19,2338.169922
2017-04-20,2355.840088
2017-04-21,2348.689941
2017-04-24,2374.149902
2017-04-25,2388.610107
2017-04-26,2387.449951
2017-04-27,2388.770020
2017-04-28,2384.199951
2017-05-01,2388.330078
2017-05-02,2391.169922
2017-05-03,2388.129883
2017-05-04,2389.520020
2017-05-05,2399.290039
2017-05-08,2399.379883
2017-05-09,2396.919922
2017-05-10,2399.629883
2017-05-11,2394.439941
2017-05-12,2390.899902
2017-05-15,2402.320068
2017-05-16,2400.669922
2017-05-17,2357.030029
2017-05-18,2365.719971
2017-05-19,2381.729980
2017-05-22,2394.020020
2017-05-23,2398.419922
2017-05-24,2404.389893
2017-05-25,2415.070068
2017-05-26,2415.820068
2017-05-29,2415.820068
2017-05-30,2412.909912
2017-05-31,2411.800049
2017-06-01,2430.060059
2017-06-02,2439.070068
2017-06-05,2436.100098
2017-06-06,2429.330078
2017-06-07,2433.139893
2017-06-08,2433.790039
2017-06-09,2431.770020
2017-06-12,2429.389893
2017-06-13,2440.350098
2017-06-14,2437.919922
2017-06-15,2432.459961
2017-06-16,2433.149902
2017-06-19,2453.459961
2017-06-20,2437.030029
2017-06-21,2435.610107
2017-06-22,2434.500000
2017-06-23,2438.300049
2017-06-26,2439.070068
2017-06-27,2419.379883
2017-06-28,2440.689941
2017-06-29,2419.699951
2017-06-30,2423.409912
2017-07-03,2429.010010
2017-07-04,2429.010010
2017-07-05,2432.540039
2017-07-06,2409.750000
2017-07-07,2425.179932
2017-07-10,2427.429932
2017-07-11,2425.530029
2017-07-12,2443.250000
2017-07-13,2447.830078
2017-07-14,2459.270020
2017-07-17,2459.139893
2017-07-18,2460.610107
2017-07-19,2473.830078
2017-07-20,2473.449951
2017-07-21,2472.540039
2017-07-24,2469.909912
2017-07-25,2477.129883
2017-07-26,2477.830078
2017-07-27,2475.419922
2017-07-28,2472.100098
2017-07-31,2470.300049
2017-08-01,2476.350098
2017-08-02,2477.570068
2017-08-03,2472.159912
2017-08-04,2476.830078
2017-08-07,2480.909912
2017-08-08,2474.919922
2017-08-09,2474.020020
2017-08-10,2438.209961
2017-08-11,2441.320068
2017-08-14,2465.840088
2017-08-15,2464.610107
2017-08-16,2468.110107
2017-08-17,2430.010010
2017-08-18,2425.550049
2017-08-21,2428.370117
2017-08-22,2452.510010
2017-08-23,2444.040039
2017-08-24,2438.969971
2017-08-25,2443.050049
2017-08-28,2444.239990
2017-08-29,2446.300049
2017-08-30,2457.590088
2017-08-31,2471.649902
2017-09-01,2476.550049
2017-09-04,2476.550049
2017-09-05,2457.850098
2017-09-06,2465.540039
2017-09-07,2465.100098
2017-09-08,2461.429932
2017-09-11,2488.110107
2017-09-12,2496.479980
2017-09-13,2498.370117
2017-09-14,2495.620117
2017-09-15,2500.229980
2017-09-18,2503.870117
2017-09-19,2506.649902
2017-09-20,2508.239990
2017-09-21,2500.600098
2017-09-22,2502.219971
2017-09-25,2496.659912
2017-09-26,2496.840088
2017-09-27,2507.040039
2017-09-28,2510.060059
2017-09-29,2519.360107
2017-10-02,2529.120117
2017-10-03,2534.580078
2017-10-04,2537.739990
2017-10-05,2552.070068
2017-10-06,2549.330078
2017-10-09,2544.729980
2017-10-10,2550.639893
2017-10-11,2555.239990
2017-10-12,2550.929932
2017-10-13,2553.169922
2017-10-16,2557.639893
2017-10-17,2559.360107
2017-10-18,2561.260010
2017-10-19,2562.100098
2017-10-20,2575.209961
2017-10-23,2564.979980
2017-10-24,2569.129883
2017-10-25,2557.149902
2017-10-26,2560.399902
2017-10-27,2581.070068
2017-10-30,2572.830078
2017-10-31,2575.260010
2017-11-01,2579.360107
2017-11-02,2579.850098
2017-11-03,2587.840088
2017-11-06,2591.129883
2017-11-07,2590.639893
2017-11-08,2594.379883
2017-11-09,2584.620117
2017-11-10,2582.300049
2017-11-13,2584.840088
2017-11-14,2578.870117
2017-11-15,2564.620117
2017-11-16,2585.639893
2017-11-17,2578.850098
2017-11-20,2582.139893
2017-11-21,2599.030029
2017-11-22,2597.080078
2017-11-23,2597.080078
2017-11-24,2602.419922
2017-11-27,2601.419922
2017-11-28,2627.040039
2017-11-29,2626.070068
2017-11-30,2647.580078
2017-12-01,2642.219971
2017-12-04,2639.439941
2017-12-05,2629.570068
2017-12-06,2629.270020
2017-12-07,2636.979980
2017-12-08,2651.500000
2017-12-11,2659.989990
2017-12-12,2664.110107
2017-12-13,2662.850098
2017-12-14,2652.010010
2017-12-15,2675.810059
2017-12-18,2690.159912
2017-12-19,2681.469971
2017-12-20,2679.250000
2017-12-21,2684.570068
2017-12-22,2683.340088
2017-12-25,2683.340088
2017-12-26,2680.500000
2017-12-27,2682.620117
2017-12-28,2687.540039
2017-12-29,2673.610107
2018-01-01,2673.610107
2018-01-02,2695.810059
2018-01-03,2713.060059
2018-01-04,2723.989990
2018-01-05,2743.149902
2018-01-08,2747.709961
2018-01-09,2751.290039
2018-01-10,2748.229980
2018-01-11,2767.560059
2018-01-12,2786.239990
2018-01-15,2786.239990
2018-01-16,2776.419922
2018-01-17,2802.560059
2018-01-18,2798.030029
2018-01-19,2810.300049
2018-01-22,2832.969971
2018-01-23,2839.129883
2018-01-24,2837.540039
2018-01-25,2839.250000
2018-01-26,2872.870117
2018-01-29,2853.530029
2018-01-30,2822.429932
2018-01-31,2823.810059
2018-02-01,2821.979980
2018-02-02,2762.129883
2018-02-05,2648.939941
2018-02-06,2695.139893
2018-02-07,2681.659912
2018-02-08,2581.000000
2018-02-09,2619.550049
2018-02-12,2656.000000
2018-02-13,2662.939941
2018-02-14,2698.629883
2018-02-15,2731.199951
2018-02-16,2732.219971
2018-02-19,2732.219971
2018-02-20,2716.260010
2018-02-21,2701.330078
2018-02-22,2703.959961
2018-02-23,2747.300049
2018-02-26,2779.600098
2018-02-27,2744.280029
2018-02-28,2713.830078
2018-03-01,2677.669922
2018-03-02,2691.250000
2018-03-05,2720.939941
2018-03-06,2728.120117
2018-03-07,2726.800049
2018-03-08,2738.969971
2018-03-09,2786.570068
2018-03-12,2783.020020
2018-03-13,2765.310059
2018-03-14,2749.479980
2018-03-15,2747.330078
2018-03-16,2752.010010
2018-03-19,2712.919922
2018-03-20,2716.939941
2018-03-21,2711.929932
2018-03-22,2643.689941
2018-03-23,2588.260010
2018-03-26,2658.550049
2018-03-27,2612.620117
2018-03-28,2605.000000
2018-03-29,2640.870117
2018-03-30,2640.870117
2018-04-02,2581.879883
2018-04-03,2614.449951
2018-04-04,2644.689941
2018-04-05,2662.840088
2018-04-06,2604.469971
2018-04-09,2613.159912
2018-04-10,2656.870117
2018-04-11,2642.189941
2018-04-12,2663.989990
2018-04-13,2656.300049
2018-04-16,2677.840088
2018-04-17,2706.389893
2018-04-18,2708.639893
2018-04-19,2693.129883
2018-04-20,2670.139893
2018-04-23,2670.290039
2018-04-24,2634.560059
2018-04-25,2639.399902
2018-04-26,2666.939941
2018-04-27,2669.909912
2018-04-30,2648.050049
2018-05-01,2654.800049
2018-05-02,2635.669922
2018-05-03,2629.729980
2018-05-04,2663.419922
2018-05-07,2672.629883
2018-05-08,2671.919922
2018-05-09,2697.790039
2018-05-10,2723.070068
2018-05-11,2727.719971
2018-05-14,2730.129883
2018-05-15,2711.449951
2018-05-16,2722.459961
2018-05-17,2720.129883
2018-05-18,2712.969971
2018-05-21,2733.010010
2018-05-22,2724.439941
2018-05-23,2733.290039
2018-05-24,2727.760010
2018-05-25,2721.330078
2018-05-28,2721.330078
2018-05-29,2689.860107
2018-05-30,2724.010010
2018-05-31,2705.270020
2018-06-01,2734.620117
2018-06-04,2746.870117
2018-06-05,2748.800049
2018-06-06,2772.350098
2018-06-07,2770.370117
2018-06-08,2779.030029
2018-06-11,2782.000000
2018-06-12,2786.850098
2018-06-13,2775.629883
2018-06-14,2782.489990
2018-06-15,2779.659912
2018-06-18,2773.750000
2018-06-19,2762.590088
2018-06-20,2767.320068
2018-06-21,2749.760010
2018-06-22,2754.879883
2018-06-25,2717.070068
2018-06-26,2723.060059
2018-06-27,2699.629883
2018-06-28,2716.310059
2018-06-29,2718.370117
2018-07-02,2726.709961
2018-07-03,2713.219971
2018-07-04,2713.219971
2018-07-05,2736.610107
2018-07-06,2759.820068
2018-07-09,2784.169922
2018-07-10,2793.840088
2018-07-11,2774.020020
2018-07-12,2798.290039
2018-07-13,2801.310059
2018-07-16,2798.429932
2018-07-17,2809.550049
2018-07-18,2815.620117
2018-07-19,2804.489990
2018-07-20,2801.830078
2018-07-23,2806.979980
2018-07-24,2820.399902
2018-07-25,2846.070068
2018-07-26,2837.439941
2018-07-27,2818.820068
2018-07-30,2802.600098
2018-07-31,2816.290039
2018-08-01,2813.360107
2018-08-02,2827.219971
2018-08-03,2840.350098
2018-08-06,2850.399902
2018-08-07,2858.449951
2018-08-08,2857.699951
2018-08-09,2853.580078
2018-08-10,2833.280029
2018-08-13,2821.929932
2018-08-14,2839.959961
2018-08-15,2818.370117
2018-08-16,2840.689941
2018-08-17,2850.129883
2018-08-20,2857.050049
2018-08-21,2862.959961
2018-08-22,2861.820068
2018-08-23,2856.979980
2018-08-24,2874.689941
2018-08-27,2896.739990
2018-08-28,2897.520020
2018-08-29,2914.040039
2018-08-30,2901.129883
2018-08-31,2901.520020
2018-09-03,2901.520020
2018-09-04,2896.719971
2018-09-05,2888.600098
2018-09-06,2878.050049
2018-09-07,2871.679932
2018-09-10,2877.129883
2018-09-11,2887.889893
2018-09-12,2888.919922
2018-09-13,2904.179932
2018-09-14,2904.979980
2018-09-17,2888.800049
2018-09-18,2904.310059
2018-09-19,2907.949951
2018-09-20,2930.750000
2018-09-21,2929.669922
2018-09-24,2919.370117
2018-09-25,2915.560059
2018-09-26,2905.969971
2018-09-27,2914.000000
2018-09-28,2913.979980
2018-10-01,2924.590088
2018-10-02,2923.429932
2018-10-03,2925.510010
2018-10-04,2901.610107
2018-10-05,2885.570068
2018-10-08,2884.429932
2018-10-09,2880.340088
2018-10-10,2785.679932
2018-10-11,2728.370117
2018-10-12,2767.129883
2018-10-15,2750.790039
2018-10-16,2809.919922
2018-10-17,2809.209961
2018-10-18,2768.780029
2018-10-19,2767.780029
2018-10-22,2755.879883
2018-10-23,2740.689941
2018-10-24,2656.100098
2018-10-25,2705.570068
2018-10-26,2658.689941
2018-10-29,2641.250000
2018-10-30,2682.629883
2018-10-31,2711.739990
2018-11-01,2740.370117
2018-11-02,2723.060059
2018-11-05,2738.310059
2018-11-06,2755.449951
2018-11-07,2813.889893
2018-11-08,2806.830078
2018-11-09,2781.010010
2018-11-12,2726.219971
2018-11-13,2722.179932
2018-11-14,2701.580078
2018-11-15,2730.199951
2018-11-16,2736.270020
2018-11-19,2690.729980
2018-11-20,2641.889893
2018-11-21,2649.929932
2018-11-22,2649.929932
2018-11-23,2632.560059
2018-11-26,2673.449951
2018-11-27,2682.169922
2018-11-28,2743.790039
2018-11-29,2737.800049
2018-11-30,2760.169922
2018-12-03,2790.370117
2018-12-04,2700.060059
2018-12-05,2700.060059
2018-12-06,2695.949951
2018-12-07,2633.080078
2018-12-10,2637.719971
2018-12-11,2636.780029
2018-12-12,2651.070068
2018-12-13,2650.540039
2018-12-14,2599.949951
2018-12-17,2545.939941
2018-12-18,2546.159912
2018-12-19,2506.959961
2018-12-20,2467.419922
2018-12-21,2416.620117
2018-12-24,2351.100098
2018-12-25,2351.100098
2018-12-26,2467.699951
2018-12-27,2488.830078
2018-12-28,2485.739990
2018-12-31,2506.850098
2019-01-01,2506.850098
2019-01-02,2510.030029
2019-01-03,2447.889893
2019-01-04,2531.939941
2019-01-07,2549.689941
2019-01-08,2574.409912
2019-01-09,2584.959961
2019-01-10,2596.639893
2019-01-11,2596.260010
2019-01-14,2582.610107
2019-01-15,2610.300049
2019-01-16,2616.100098
2019-01-17,2635.959961
2019-01-18,2670.709961
2019-01-21,2670.709961
2019-01-22,2632.899902
2019-01-23,2638.699951
2019-01-24,2642.330078
2019-01-25,2664.760010
2019-01-28,2643.850098
2019-01-29,2640.000000
2019-01-30,2681.050049
2019-01-31,2704.100098
2019-02-01,2706.530029
2019-02-04,2724.870117
2019-02-05,2737.699951
2019-02-06,2731.610107
2019-02-07,2706.050049
2019-02-08,2707.879883
2019-02-11,2709.800049
2019-02-12,2744.729980
2019-02-13,2753.030029
2019-02-14,2745.729980
2019-02-15,2775.600098
2019-02-18,2775.600098
2019-02-19,2779.760010
2019-02-20,2784.699951
2019-02-21,2774.879883
2019-02-22,2792.669922
2019-02-25,2796.110107
2019-02-26,2793.899902
2019-02-27,2792.379883
2019-02-28,2784.489990
2019-03-01,2803.689941
2019-03-04,2792.810059
2019-03-05,2789.649902
2019-03-06,2771.449951
2019-03-07,2748.929932
2019-03-08,2743.070068
2019-03-11,2783.300049
2019-03-12,2791.520020
2019-03-13,2810.919922
2019-03-14,2808.479980
2019-03-15,2822.479980
2019-03-18,2832.939941
2019-03-19,2832.570068
2019-03-20,2824.229980
2019-03-21,2854.879883
2019-03-22,2800.709961
2019-03-25,2798.360107
2019-03-26,2818.459961
2019-03-27,2805.370117
2019-03-28,2815.439941
2019-03-29,2834.399902
2019-04-01,2867.189941
2019-04-02,2867.239990
2019-04-03,2873.399902
2019-04-04,2879.389893
2019-04-05,2892.739990
2019-04-08,2895.770020
2019-04-09,2878.199951
2019-04-10,2888.209961
2019-04-11,2888.320068
2019-04-12,2907.409912
2019-04-15,2905.580078
2019-04-16,2907.060059
2019-04-17,2900.449951
2019-04-18,2905.030029
2019-04-19,2905.030029
2019-04-22,2907.969971
2019-04-23,2933.679932
2019-04-24,2927.250000
2019-04-25,2926.169922
2019-04-26,2939.879883
2019-04-29,2943.030029
2019-04-30,2945.830078
2019-05-01,2923.729980
2019-05-02,2917.520020
2019-05-03,2945.639893
2019-05-06,2932.469971
2019-05-07,2884.050049
2019-05-08,2879.419922
2019-05-09,2870.719971
2019-05-10,2881.399902
2019-05-13,2811.870117
2019-05-14,2834.409912
2019-05-15,2850.959961
2019-05-16,2876.320068
2019-05-17,2859.530029
2019-05-20,2840.229980
2019-05-21,2864.360107
2019-05-22,2856.270020
2019-05-23,2822.239990
2019-05-24,2826.060059
2019-05-27,2826.060059
2019-05-28,2802.389893
2019-05-29,2783.020020
2019-05-30,2788.860107
2019-05-31,2752.060059
2019-06-03,2744.449951
2019-06-04,2803.270020
2019-06-05,2826.149902
2019-06-06,2843.489990
2019-06-07,2873.340088
2019-06-10,2886.729980
2019-06-11,2885.719971
2019-06-12,2879.840088
2019-06-13,2891.639893
2019-06-14,2886.979980
2019-06-17,2889.669922
2019-06-18,2917.750000
2019-06-19,2926.459961
2019-06-20,2954.179932
2019-06-21,2950.459961
2019-06-24,2945.350098
2019-06-25,2917.379883
2019-06-26,2913.780029
2019-06-27,2924.919922
2019-06-28,2941.760010
2019-07-01,2964.330078
2019-07-02,2973.010010
2019-07-03,2995.820068
2019-07-04,2995.820068
2019-07-05,2990.409912
2019-07-08,2975.949951
2019-07-09,2979.629883
2019-07-10,2993.070068
2019-07-11,2999.909912
2019-07-12,3013.770020
2019-07-15,3014.300049
2019-07-16,3004.040039
2019-07-17,2984.419922
2019-07-18,2995.110107
2019-07-19,2976.610107
2019-07-22,2985.030029
2019-07-23,3005.469971
2019-07-24,3019.560059
2019-07-25,3003.669922
2019-07-26,3025.860107
2019-07-29,3020.969971
2019-07-30,3013.179932
2019-07-31,2980.379883
2019-08-01,2953.560059
2019-08-02,2932.050049
2019-08-05,2844.739990
2019-08-06,2881.770020
2019-08-07,2883.979980
2019-08-08,2938.090088
2019-08-09,2918.649902
2019-08-12,2882.699951
2019-08-13,2926.320068
2019-08-14,2840.600098
2019-08-15,2847.600098
2019-08-16,2888.679932
2019-08-19,2923.649902
2019-08-20,2900.510010
2019-08-21,2924.429932
2019-08-22,2922.949951
2019-08-23,2847.110107
2019-08-26,2878.379883
2019-08-27,2869.159912
2019-08-28,2887.939941
2019-08-29,2924.580078
2019-08-30,2926.459961
2019-09-02,2926.459961
2019-09-03,2906.270020
2019-09-04,2937.780029
2019-09-05,2976.000000
2019-09-06,2978.709961
2019-09-09,2978.429932
2019-09-10,2979.389893
2019-09-11,3000.929932
2019-09-12,3009.570068
2019-09-13,3007.389893
2019-09-16,2997.959961
2019-09-17,3005.699951
2019-09-18,3006.729980
2019-09-19,3006.790039
2019-09-20,2992.070068
2019-09-23,2991.780029
2019-09-24,2966.600098
2019-09-25,2984.870117
2019-09-26,2977.620117
2019-09-27,2961.790039
2019-09-30,2976.739990
2019-10-01,2940.250000
2019-10-02,2887.610107
2019-10-03,2910.629883
2019-10-04,2952.010010
2019-10-07,2938.790039
2019-10-08,2893.060059
2019-10-09,2919.399902
2019-10-10,2938.129883
2019-10-11,2970.270020
2019-10-14,2966.149902
2019-10-15,2995.679932
2019-10-16,2989.689941
2019-10-17,2997.949951
2019-10-18,2986.199951
2019-10-21,3006.719971
2019-10-22,2995.989990
2019-10-23,3004.520020
2019-10-24,3010.290039
2019-10-25,3022.550049
2019-10-28,3039.419922
2019-10-29,3036.889893
2019-10-30,3046.770020
2019-10-31,3037.560059
2019-11-01,3066.909912
2019-11-04,3078.270020
2019-11-05,3074.620117
2019-11-06,3076.780029
2019-11-07,3085.179932
2019-11-08,3093.080078
2019-11-11,3087.010010
2019-11-12,3091.840088
2019-11-13,3094.040039
2019-11-14,3096.629883
2019-11-15,3120.459961
2019-11-18,3122.030029
2019-11-19,3120.179932
2019-11-20,3108.459961
2019-11-21,3103.540039
2019-11-22,3110.290039
2019-11-25,3133.639893
2019-11-26,3140.520020
2019-11-27,3153.629883
2019-11-28,3153.629883
2019-11-29,3140.979980
2019-12-02,3113.870117
2019-12-03,3093.199951
2019-12-04,3112.760010
2019-12-05,3117.429932
2019-12-06,3145.909912
2019-12-09,3135.959961
2019-12-10,3132.520020
2019-12-11,3141.629883
2019-12-12,3168.570068
2019-12-13,3168.800049
2019-12-16,3191.449951
2019-12-17,3192.520020
2019-12-18,3191.139893
2019-12-19,3205.370117
2019-12-20,3221.219971
2019-12-23,3224.010010
2019-12-24,3223.379883
2019-12-25,3223.379883
2019-12-26,3239.909912
2019-12-27,3240.020020
2019-12-30,3221.290039
2019-12-31,3230.780029
2020-01-01,3230.780029
2020-01-02,3257.850098
2020-01-03,3234.850098
2020-01-06,3246.280029
2020-01-07,3237.179932
2020-01-08,3253.050049
2020-01-09,3274.699951
2020-01-10,3265.350098
2020-01-13,3288.129883
2020-01-14,3283.149902
2020-01-15,3289.290039
2020-01-16,3316.810059
2020-01-17,3329.620117
2020-01-20,3329.620117
2020-01-21,3320.790039
2020-01-22,3321.750000
2020-01-23,3325.540039
2020-01-24,3295.469971
2020-01-27,3243.629883
2020-01-28,3276.239990
2020-01-29,3273.399902
2020-01-30,3283.659912
2020-01-31,3225.520020
2020-02-03,3248.919922
2020-02-04,3297.590088
2020-02-05,3334.689941
2020-02-06,3345.780029
2020-02-07,3327.709961
2020-02-10,3352.090088
2020-02-11,3357.750000
2020-02-12,3379.449951
2020-02-13,3373.939941
2020-02-14,3380.159912
2020-02-17,3380.159912
2020-02-18,3370.290039
2020-02-19,3386.149902
2020-02-20,3373.229980
2020-02-21,3337.750000
2020-02-24,3225.889893
2020-02-25,3128.209961
2020-02-26,3116.389893
2020-02-27,2978.760010
2020-02-28,2954.219971
2020-03-02,3090.229980
2020-03-03,3003.370117
2020-03-04,3130.120117
2020-03-05,3023.939941
2020-03-06,2972.370117
2020-03-09,2746.560059
2020-03-10,2882.229980
2020-03-11,2741.379883
2020-03-12,2480.639893
2020-03-13,2711.020020
2020-03-16,2386.129883
2020-03-17,2529.189941
2020-03-18,2398.100098
2020-03-19,2409.389893
2020-03-20,2304.919922
2020-03-23,2237.399902
2020-03-24,2447.330078
2020-03-25,2475.560059
2020-03-26,2630.070068
2020-03-27,2541.469971
2020-03-30,2626.649902
2020-03-31,2584.590088
2020-04-01,2470.500000
2020-04-02,2526.899902
2020-04-03,2488.649902
2020-04-06,2663.679932
2020-04-07,2659.409912
2020-04-08,2749.979980
2020-04-09,2789.820068
2020-04-10,2789.820068
2020-04-13,2761.629883
2020-04-14,2846.060059
2020-04-15,2783.360107
2020-04-16,2799.550049
2020-04-17,2874.560059
2020-04-20,2823.159912
2020-04-21,2736.560059
2020-04-22,2799.310059
2020-04-23,2797.800049
2020-04-24,2836.739990
2020-04-27,2878.479980
2020-04-28,2863.389893
2020-04-29,2939.510010
2020-04-30,2912.429932
2020-05-01,2830.709961
2020-05-04,2842.739990
2020-05-05,2868.439941
2020-05-06,2848.419922
2020-05-07,2881.189941
2020-05-08,2929.800049
2020-05-11,2930.189941
2020-05-12,2870.120117
2020-05-13,2820.000000
2020-05-14,2852.500000
2020-05-15,2863.699951
2020-05-18,2953.909912
2020-05-19,2922.939941
2020-05-20,2971.610107
2020-05-21,2948.510010
2020-05-22,2955.449951
2020-05-25,2955.449951
2020-05-26,2991.770020
2020-05-27,3036.129883
2020-05-28,3029.729980
2020-05-29,3044.310059
2020-06-01,3055.729980
2020-06-02,3080.820068
2020-06-03,3122.870117
2020-06-04,3112.350098
2020-06-05,3193.929932
2020-06-08,3232.389893
2020-06-09,3207.179932
2020-06-10,3190.139893
2020-06-11,3002.100098
2020-06-12,3041.310059
2020-06-15,3066.590088
2020-06-16,3124.739990
2020-06-17,3113.489990
2020-06-18,3115.340088
2020-06-19,3097.739990
2020-06-22,3117.860107
2020-06-23,3131.290039
2020-06-24,3050.330078
2020-06-25,3083.760010
2020-06-26,3009.050049
2020-06-29,3053.239990
2020-06-30,3100.290039
2020-07-01,3115.860107
2020-07-02,3130.010010
2020-07-03,3130.010010
2020-07-06,3179.719971
2020-07-07,3145.320068
2020-07-08,3169.939941
2020-07-09,3152.050049
2020-07-10,3185.040039
2020-07-13,3155.219971
2020-07-14,3197.520020
2020-07-15,3226.560059
2020-07-16,3215.570068
2020-07-17,3224.729980
2020-07-20,3251.840088
2020-07-21,3257.300049
2020-07-22,3276.020020
2020-07-23,3235.659912
2020-07-24,3215.629883
2020-07-27,3239.409912
2020-07-28,3218.439941
2020-07-29,3258.439941
2020-07-30,3246.219971
2020-07-31,3271.120117
2020-08-03,3294.610107
2020-08-04,3306.510010
2020-08-05,3327.770020
2020-08-06,3349.159912
2020-08-07,3351.280029
2020-08-10,3360.469971
2020-08-11,3333.689941
2020-08-12,3380.350098
2020-08-13,3373.429932
2020-08-14,3372.850098
2020-08-17,3381.989990
2020-08-18,3389.780029
2020-08-19,3374.850098
2020-08-20,3385.510010
2020-08-21,3397.159912
2020-08-24,3431.280029
2020-08-25,3443.620117
2020-08-26,3478.729980
2020-08-27,3484.550049
2020-08-28,3508.010010
2020-08-31,3500.310059
2020-09-01,3526.649902
2020-09-02,3580.840088
2020-09-03,3455.060059
2020-09-04,3426.959961
2020-09-07,3426.959961
2020-09-08,3331.840088
2020-09-09,3398.959961
2020-09-10,3339.189941
2020-09-11,3340.969971
2020-09-14,3383.540039
2020-09-15,3401.199951
2020-09-16,3385.489990
2020-09-17,3357.010010
2020-09-18,3319.469971
2020-09-21,3281.060059
2020-09-22,3315.570068
2020-09-23,3236.919922
2020-09-24,3246.590088
2020-09-25,3298.459961
2020-09-28,3351.600098
2020-09-29,3335.469971
2020-09-30,3363.000000
2020-10-01,3380.800049
2020-10-02,3348.419922
2020-10-05,3408.600098
2020-10-06,3360.969971
2020-10-07,3419.439941
2020-10-08,3446.830078
2020-10-09,3477.139893
2020-10-12,3534.219971
2020-10-13,3511.929932
2020-10-14,3488.669922
2020-10-15,3483.340088
2020-10-16,3483.810059
2020-10-19,3426.919922
2020-10-20,3443.120117
2020-10-21,3435.560059
2020-10-22,3453.489990
2020-10-23,3465.389893
2020-10-26,3400.969971
2020-10-27,3390.679932
2020-10-28,3271.030029
2020-10-29,3310.110107
2020-10-30,3269.959961
2020-11-02,3310.239990
2020-11-03,3369.159912
2020-11-04,3443.439941
2020-11-05,3510.449951
2020-11-06,3509.439941
2020-11-09,3550.500000
2020-11-10,3545.530029
2020-11-11,3572.659912
2020-11-12,3537.010010
2020-11-13,3585.149902
2020-11-16,3626.909912
2020-11-17,3609.530029
2020-11-18,3567.790039
2020-11-19,3581.870117
2020-11-20,3557.540039
2020-11-23,3577.590088
2020-11-24,3635.409912
2020-11-25,3629.649902
2020-11-26,3629.649902
2020-11-27,3638.350098
2020-11-30,3621.629883
2020-12-01,3662.449951
2020-12-02,3669.010010
2020-12-03,3666.719971
2020-12-04,3699.120117
2020-12-07,3691.959961
2020-12-08,3702.250000
2020-12-09,3672.820068
2020-12-10,3668.100098
2020-12-11,3663.459961
2020-12-14,3647.489990
2020-12-15,3694.620117
2020-12-16,3701.169922
2020-12-17,3722.479980
2020-12-18,3709.409912
2020-12-21,3694.919922
2020-12-22,3687.260010
2020-12-23,3690.010010
2020-12-24,3703.060059
2020-12-25,3703.060059
2020-12-28,3735.360107
2020-12-29,3727.040039
2020-12-30,3732.040039
2020-12-31,3756.070068
2021-01-01,3756.070068
2021-01-04,3700.649902
2021-01-05,3726.860107
2021-01-06,3748.139893
2021-01-07,3803.790039
2021-01-08,3824.679932
2021-01-11,3799.610107
2021-01-12,3801.189941
2021-01-13,3809.840088
2021-01-14,3795.540039
2021-01-15,3768.250000
2021-01-18,3768.250000
2021-01-19,3798.909912
2021-01-20,3851.850098
2021-01-21,3853.070068
2021-01-22,3841.469971
2021-01-25,3855.360107
2021-01-26,3849.620117
2021-01-27,3750.770020
2021-01-28,3787.379883
2021-01-29,3714.239990
2021-02-01,3773.860107
2021-02-02,3826.310059
2021-02-03,3830.169922
2021-02-04,3871.739990
2021-02-05,3886.830078
2021-02-08,3915.590088
2021-02-09,3911.229980
2021-02-10,3909.879883
2021-02-11,3916.379883
2021-02-12,3934.830078
2021-02-15,3934.830078
2021-02-16,3932.590088
2021-02-17,3931.330078
2021-02-18,3913.969971
2021-02-19,3906.709961
2021-02-22,3876.500000
2021-02-23,3881.370117
2021-02-24,3925.429932
2021-02-25,3829.340088
2021-02-26,3811.149902
2021-03-01,3901.820068
2021-03-02,3870.290039
2021-03-03,3819.719971
2021-03-04,3768.469971
2021-03-05,3841.939941
2021-03-08,3821.350098
2021-03-09,3875.439941
2021-03-10,3898.810059
2021-03-11,3939.340088
2021-03-12,3943.340088
2021-03-15,3968.939941
2021-03-16,3962.709961
2021-03-17,3974.120117
2021-03-18,3915.459961
2021-03-19,3913.100098
2021-03-22,3940.590088
2021-03-23,3910.520020
2021-03-24,3889.139893
2021-03-25,3909.520020
2021-03-26,3974.540039
2021-03-29,3971.090088
2021-03-30,3958.550049
2021-03-31,3972.889893
2021-04-01,4019.870117
2021-04-02,4019.870117
2021-04-05,4077.909912
2021-04-06,4073.939941
2021-04-07,4079.949951
2021-04-08,4097.169922
2021-04-09,4128.799805
2021-04-12,4127.990234
2021-04-13,4141.589844
2021-04-14,4124.660156
2021-04-15,4170.419922
2021-04-16,4185.470215
2021-04-19,4163.259766
2021-04-20,4134.939941
2021-04-21,4173.419922
2021-04-22,4134.979980
2021-04-23,4180.169922
2021-04-26,4187.620117
2021-04-27,4186.720215
2021-04-28,4183.180176
2021-04-29,4211.470215
2021-04-30,4181.169922
2021-05-03,4192.660156
2021-05-04,4164.660156
2021-05-05,4167.589844
2021-05-06,4201.620117
2021-05-07,4232.600098
2021-05-10,4188.430176
2021-05-11,4152.100098
2021-05-12,4063.040039
2021-05-13,4112.500000
2021-05-14,4173.850098
2021-05-17,4163.290039
2021-05-18,4127.830078
2021-05-19,4115.680176
2021-05-20,4159.120117
2021-05-21,4155.859863
2021-05-24,4197.049805
2021-05-25,4188.129883
2021-05-26,4195.990234
2021-05-27,4200.879883
2021-05-28,4204.109863
2021-05-31,4204.109863
2021-06-01,4202.040039
2021-06-02,4208.120117
2021-06-03,4192.850098
2021-06-04,4229.890137
2021-06-07,4226.520020
2021-06-08,4227.259766
2021-06-09,4219.549805
2021-06-10,4239.180176
2021-06-11,4247.439941
2021-06-14,4255.149902
2021-06-15,4246.589844
2021-06-16,4223.700195
2021-06-17,4221.859863
2021-06-18,4166.450195
2021-06-21,4224.790039
2021-06-22,4246.439941
2021-06-23,4241.839844
2021-06-24,4266.490234
2021-06-25,4280.700195
2021-06-28,4290.609863
2021-06-29,4291.799805
2021-06-30,4297.500000
2021-07-01,4319.939941
2021-07-02,4352.339844
2021-07-05,4352.339844
2021-07-06,4343.540039
2021-07-07,4358.129883
2021-07-08,4320.819824
2021-07-09,4369.549805
2021-07-12,4384.629883
2021-07-13,4369.209961
2021-07-14,4374.299805
2021-07-15,4360.029785
2021-07-16,4327.160156
2021-07-19,4258.490234
2021-07-20,4323.060059
2021-07-21,4358.689941
2021-07-22,4367.479980
2021-07-23,4411.790039
2021-07-26,4422.299805
2021-07-27,4401.459961
2021-07-28,4400.640137
2021-07-29,4419.149902
2021-07-30,4395.259766
2021-08-02,4387.160156
2021-08-03,4423.149902
2021-08-04,4402.660156
2021-08-05,4429.100098
2021-08-06,4436.520020
2021-08-09,4432.350098
2021-08-10,4436.750000
2021-08-11,4442.410156
2021-08-12,4460.830078
2021-08-13,4468.000000
2021-08-16,4479.709961
2021-08-17,4448.080078
2021-08-18,4400.270020
2021-08-19,4405.799805
2021-08-20,4441.669922
2021-08-23,4479.529785
2021-08-24,4486.229980
2021-08-25,4496.189941
2021-08-26,4470.000000
2021-08-27,4509.370117
2021-08-30,4528.790039
2021-08-31,4522.680176
2021-09-01,4524.089844
2021-09-02,4536.950195
2021-09-03,4535.430176
2021-09-06,4535.430176
2021-09-07,4520.029785
2021-09-08,4514.069824
2021-09-09,4493.279785
2021-09-10,4458.580078
2021-09-13,4468.729980
2021-09-14,4443.049805
2021-09-15,4480.700195
2021-09-16,4473.750000
2021-09-17,4432.990234
2021-09-20,4357.729980
2021-09-21,4354.189941
2021-09-22,4395.640137
2021-09-23,4448.979980
2021-09-24,4455.479980
2021-09-27,4443.109863
2021-09-28,4352.629883
2021-09-29,4359.459961
2021-09-30,4307.540039
2021-10-01,4357.040039
2021-10-04,4300.459961
2021-10-05,4345.720215
2021-10-06,4363.549805
2021-10-07,4399.759766
2021-10-08,4391.339844
2021-10-11,4361.189941
2021-10-12,4350.649902
2021-10-13,4363.799805
2021-10-14,4438.259766
2021-10-15,4471.370117
2021-10-18,4486.459961
2021-10-19,4519.629883
2021-10-20,4536.189941
2021-10-21,4549.779785
2021-10-22,4544.899902
2021-10-25,4566.479980
2021-10-26,4574.790039
2021-10-27,4551.680176
2021-10-28,4596.419922
2021-10-29,4605.379883
2021-11-01,4613.669922
2021-11-02,4630.649902
2021-11-03,4660.569824
2021-11-04,4680.060059
2021-11-05,4697.529785
2021-11-08,4701.700195
2021-11-09,4685.250000
2021-11-10,4646.709961
2021-11-11,4649.270020
2021-11-12,4682.850098
2021-11-15,4682.799805
2021-11-16,4700.899902
2021-11-17,4688.669922
2021-11-18,4704.540039
2021-11-19,4697.959961
2021-11-22,4682.939941
2021-11-23,4690.700195
2021-11-24,4701.459961
2021-11-25,4701.459961
2021-11-26,4594.620117
2021-11-29,4655.270020
2021-11-30,4567.000000
2021-12-01,4513.040039
2021-12-02,4577.100098
2021-12-03,4538.430176
2021-12-06,4591.669922
2021-12-07,4686.750000
2021-12-08,4701.209961
2021-12-09,4667.450195
2021-12-10,4712.020020
2021-12-13,4668.970215
2021-12-14,4634.089844
2021-12-15,4709.850098
2021-12-16,4668.669922
2021-12-17,4620.640137
2021-12-20,4568.020020
2021-12-21,4649.229980
2021-12-22,4696.560059
2021-12-23,4725.790039
2021-12-24,4725.790039
2021-12-27,4791.189941
2021-12-28,4786.350098
2021-12-29,4793.060059
2021-12-30,4778.729980
2021-12-31,4766.180176
2022-01-03,4796.560059
2022-01-04,4793.540039
2022-01-05,4700.580078
2022-01-06,4696.049805
2022-01-07,4677.029785
2022-01-10,4670.290039
2022-01-11,4713.069824
2022-01-12,4726.350098
2022-01-13,4659.029785
2022-01-14,4662.850098
2022-01-17,4662.850098
2022-01-18,4577.109863
2022-01-19,4532.759766
2022-01-20,4482.729980
2022-01-21,4397.939941
2022-01-24,4410.129883
2022-01-25,4356.450195
2022-01-26,4349.930176
2022-01-27,4326.509766
2022-01-28,4431.850098
2022-01-31,4515.549805
2022-02-01,4546.540039
2022-02-02,4589.379883
2022-02-03,4477.439941
2022-02-04,4500.529785
2022-02-07,4483.870117
2022-02-08,4521.540039
2022-02-09,4587.180176
2022-02-10,4504.080078
2022-02-11,4418.640137
2022-02-14,4401.669922
2022-02-15,4471.069824
2022-02-16,4475.009766
2022-02-17,4380.259766
2022-02-18,4348.870117
2022-02-21,4348.870117
2022-02-22,4304.759766
2022-02-23,4225.500000
2022-02-24,4288.700195
2022-02-25,4384.649902
2022-02-28,4373.939941
2022-03-01,4306.259766
2022-03-02,4386.540039
2022-03-03,4363.490234
2022-03-04,4328.870117
2022-03-07,4201.089844
2022-03-08,4170.700195
2022-03-09,4277.879883
2022-03-10,4259.520020
2022-03-11,4204.310059
2022-03-14,4173.109863
2022-03-15,4262.450195
2022-03-16,4357.859863
2022-03-17,4411.669922
2022-03-18,4463.120117
2022-03-21,4461.180176
2022-03-22,4511.609863
2022-03-23,4456.240234
2022-03-24,4520.160156
2022-03-25,4543.060059
2022-03-28,4575.520020
2022-03-29,4631.600098
2022-03-30,4602.450195
2022-03-31,4530.410156
2022-04-01,4545.859863
2022-04-04,4582.640137
2022-04-05,4525.120117
2022-04-06,4481.149902
2022-04-07,4500.209961
2022-04-08,4488.279785
2022-04-11,4412.529785
2022-04-12,4397.450195
2022-04-13,4446.589844
2022-04-14,4392.589844
2022-04-15,4392.589844
2022-04-18,4391.689941
2022-04-19,4462.209961
2022-04-20,4459.450195
2022-04-21,4393.660156
2022-04-22,4271.779785
2022-04-25,4296.120117
2022-04-26,4175.200195
2022-04-27,4183.959961
2022-04-28,4287.500000
2022-04-29,4131.930176
2022-05-02,4155.379883
2022-05-03,4175.479980
2022-05-04,4300.169922
2022-05-05,4146.870117
2022-05-06,4123.339844
2022-05-09,3991.239990
2022-05-10,4001.050049
2022-05-11,3935.179932
2022-05-12,3930.080078
2022-05-13,4023.889893
2022-05-16,4008.010010
2022-05-17,4088.850098
2022-05-18,3923.679932
2022-05-19,3900.790039
2022-05-20,3901.360107
2022-05-23,3973.750000
2022-05-24,3941.479980
2022-05-25,3978.729980
2022-05-26,4057.840088
2022-05-27,4158.240234
2022-05-30,4158.240234
2022-05-31,4132.149902
2022-06-01,4101.229980
2022-06-02,4176.819824
2022-06-03,4108.540039
2022-06-06,4121.430176
2022-06-07,4160.680176
2022-06-08,4115.770020
2022-06-09,4017.820068
2022-06-10,3900.860107
2022-06-13,3749.629883
2022-06-14,3735.479980
2022-06-15,3789.989990
2022-06-16,3666.770020
2022-06-17,3674.840088
2022-06-20,3674.840088
2022-06-21,3764.790039
2022-06-22,3759.889893
2022-06-23,3795.729980
2022-06-24,3911.739990
2022-06-27,3900.110107
2022-06-28,3821.550049
2022-06-29,3818.830078
2022-06-30,3785.379883
2022-07-01,3825.330078
2022-07-04,3825.330078
2022-07-05,3831.389893
2022-07-06,3845.080078
2022-07-07,3902.620117
2022-07-08,3899.379883
2022-07-11,3854.429932
2022-07-12,3818.800049
2022-07-13,3801.780029
2022-07-14,3790.379883
2022-07-15,3863.159912
2022-07-18,3830.850098
2022-07-19,3936.689941
2022-07-20,3959.899902
2022-07-21,3998.949951
2022-07-22,3961.629883
2022-07-25,3966.840088
2022-07-26,3921.050049
2022-07-27,4023.610107
2022-07-28,4072.429932
2022-07-29,4130.290039
2022-08-01,4118.629883
2022-08-02,4091.189941
2022-08-03,4155.169922
2022-08-04,4151.939941
2022-08-05,4145.189941
2022-08-08,4140.060059
2022-08-09,4122.470215
2022-08-10,4210.240234
2022-08-11,4207.270020
2022-08-12,4280.149902
2022-08-15,4297.140137
2022-08-16,4305.200195
2022-08-17,4274.040039
2022-08-18,4283.740234
2022-08-19,4228.479980
2022-08-22,4137.990234
2022-08-23,4128.729980
2022-08-24,4140.770020
2022-08-25,4199.120117
2022-08-26,4057.659912
2022-08-29,4030.610107
2022-08-30,3986.159912
2022-08-31,3955.000000
2022-09-01,3966.850098
2022-09-02,3924.260010
2022-09-05,3924.260010
2022-09-06,3908.189941
2022-09-07,3979.870117
2022-09-08,4006.179932
2022-09-09,4067.360107
2022-09-12,4110.410156
2022-09-13,3932.689941
2022-09-14,3946.010010
2022-09-15,3901.350098
2022-09-16,3873.330078
2022-09-19,3899.889893
2022-09-20,3855.929932
2022-09-21,3789.929932
2022-09-22,3757.989990
2022-09-23,3693.229980
2022-09-26,3655.040039
2022-09-27,3647.290039
2022-09-28,3719.040039
2022-09-29,3640.469971
2022-09-30,3585.620117
2022-10-03,3678.429932
2022-10-04,3790.929932
2022-10-05,3783.280029
2022-10-06,3744.520020
2022-10-07,3639.659912
2022-10-10,3612.389893
2022-10-11,3588.840088
2022-10-12,3577.030029
2022-10-13,3669.909912
2022-10-14,3583.070068
2022-10-17,3677.949951
2022-10-18,3719.979980
2022-10-19,3695.159912
2022-10-20,3665.780029
2022-10-21,3752.750000
2022-10-24,3797.340088
2022-10-25,3859.110107
2022-10-26,3830.600098
2022-10-27,3807.300049
2022-10-28,3901.060059
2022-10-31,3871.979980
2022-11-01,3856.100098
2022-11-02,3759.689941
2022-11-03,3719.889893
2022-11-04,3770.550049
2022-11-07,3806.800049
2022-11-08,3828.110107
2022-11-09,3748.570068
2022-11-10,3956.370117
2022-11-11,3992.929932
2022-11-14,3957.250000
2022-11-15,3991.729980
2022-11-16,3958.790039
2022-11-17,3946.560059
2022-11-18,3965.340088
2022-11-21,3949.939941
2022-11-22,4003.580078
2022-11-23,4027.260010
2022-11-24,4027.260010
2022-11-25,4026.120117
2022-11-28,3963.939941
2022-11-29,3957.629883
2022-11-30,4080.110107
2022-12-01,4076.570068
2022-12-02,4071.699951
2022-12-05,3998.840088
2022-12-06,3941.260010
2022-12-07,3933.919922
2022-12-08,3963.510010
2022-12-09,3934.379883
2022-12-12,3990.560059
2022-12-13,4019.649902
2022-12-14,3995.320068
2022-12-15,3895.750000
2022-12-16,3852.360107
2022-12-19,3817.659912
2022-12-20,3821.620117
2022-12-21,3878.439941
2022-12-22,3822.389893
2022-12-23,3844.820068
2022-12-26,3844.820068
2022-12-27,3829.250000
2022-12-28,3783.219971
2022-12-29,3849.280029
2022-12-30,3839.500000
2023-01-02,3839.500000
2023-01-03,3824.139893
2023-01-04,3852.969971
2023-01-05,3808.100098
2023-01-06,3895.080078
2023-01-09,3892.090088
2023-01-10,3919.250000
2023-01-11,3969.610107
2023-01-12,3983.169922
2023-01-13,3999.090088
2023-01-16,3999.090088
2023-01-17,3990.969971
2023-01-18,3928.860107
2023-01-19,3898.850098
2023-01-20,3972.610107
2023-01-23,4019.810059
2023-01-24,4016.949951
2023-01-25,4016.219971
2023-01-26,4060.429932
2023-01-27,4070.560059
2023-01-30,4017.770020
2023-01-31,4076.600098
2023-02-01,4119.209961
2023-02-02,4179.759766
2023-02-03,4136.479980
2023-02-06,4111.080078
2023-02-07,4164.000000
2023-02-08,4117.859863
2023-02-09,4081.500000
2023-02-10,4090.459961
2023-02-13,4137.290039
2023-02-14,4136.129883
2023-02-15,4147.600098
2023-02-16,4090.409912
2023-02-17,4079.090088
2023-02-20,4079.090088
2023-02-21,3997.340088
2023-02-22,3991.050049
2023-02-23,4012.320068
2023-02-24,3970.040039
2023-02-27,3982.239990
2023-02-28,3970.149902
2023-03-01,3951.389893
2023-03-02,3981.350098
2023-03-03,4045.639893
2023-03-06,4048.419922
2023-03-07,3986.370117
2023-03-08,3992.010010
2023-03-09,3918.320068
2023-03-10,3861.590088
2023-03-13,3855.760010
2023-03-14,3919.290039
2023-03-15,3891.929932
2023-03-16,3960.280029
2023-03-17,3916.639893
2023-03-20,3951.570068
2023-03-21,4002.870117
2023-03-22,3936.969971
2023-03-23,3948.719971
2023-03-24,3970.989990
2023-03-27,3977.530029
2023-03-28,3971.270020
2023-03-29,4027.810059
2023-03-30,4050.830078
2023-03-31,4109.310059
2023-04-03,4124.509766
2023-04-04,4100.600098
2023-04-05,4090.379883
2023-04-06,4105.020020
2023-04-07,4105.020020
2023-04-10,4109.109863
2023-04-11,4108.939941
2023-04-12,4091.949951
2023-04-13,4146.220215
2023-04-14,4137.640137
2023-04-17,4151.319824
2023-04-18,4154.870117
2023-04-19,4154.520020
2023-04-20,4129.790039
2023-04-21,4133.520020
2023-04-24,4137.040039
2023-04-25,4071.629883
2023-04-26,4055.989990
2023-04-27,4135.350098
2023-04-28,4169.479980
2023-05-01,4167.870117
2023-05-02,4119.580078
2023-05-03,4090.750000
2023-05-04,4061.219971
2023-05-05,4136.250000
2023-05-08,4138.120117
2023-05-09,4119.169922
2023-05-10,4137.640137
2023-05-11,4130.620117
2023-05-12,4124.080078
2023-05-15,4136.279785
2023-05-16,4109.899902
2023-05-17,4158.770020
2023-05-18,4198.049805
2023-05-19,4191.979980
2023-05-22,4192.629883
2023-05-23,4145.580078
2023-05-24,4115.240234
2023-05-25,4151.279785
2023-05-26,4205.450195
2023-05-29,4205.450195
2023-05-30,4205.520020
2023-05-31,4179.830078
2023-06-01,4221.020020
2023-06-02,4282.370117
2023-06-05,4273.790039
2023-06-06,4283.850098
2023-06-07,4267.520020
2023-06-08,4293.930176
2023-06-09,4298.859863
2023-06-12,4338.930176
2023-06-13,4369.009766
2023-06-14,4372.589844
2023-06-15,4425.839844
2023-06-16,4409.589844
2023-06-19,4409.589844
2023-06-20,4388.709961
2023-06-21,4365.689941
2023-06-22,4381.890137
2023-06-23,4348.330078
2023-06-26,4328.819824
2023-06-27,4378.410156
2023-06-28,4376.859863
2023-06-29,4396.439941
2023-06-30,4450.379883
2023-07-03,4455.589844
2023-07-04,4455.589844
2023-07-05,4446.819824
2023-07-06,4411.589844
2023-07-07,4398.950195
2023-07-10,4409.529785
2023-07-11,4439.259766
2023-07-12,4472.160156
2023-07-13,4510.040039
2023-07-14,4505.419922
2023-07-17,4522.790039
2023-07-18,4554.979980
2023-07-19,4565.720215
2023-07-20,4534.870117
2023-07-21,4536.339844
2023-07-24,4554.640137
2023-07-25,4567.459961
2023-07-26,4566.750000
2023-07-27,4537.410156
2023-07-28,4582.229980
2023-07-31,4588.959961
2023-08-01,4576.729980
2023-08-02,4513.390137
2023-08-03,4501.890137
2023-08-04,4478.029785
2023-08-07,4518.439941
2023-08-08,4499.379883
2023-08-09,4467.709961
2023-08-10,4468.830078
2023-08-11,4464.049805
2023-08-14,4489.720215
2023-08-15,4437.859863
2023-08-16,4404.330078
2023-08-17,4370.359863
2023-08-18,4369.709961
2023-08-21,4399.770020
2023-08-22,4387.549805
2023-08-23,4436.009766
2023-08-24,4376.310059
2023-08-25,4405.709961
2023-08-28,4433.310059
2023-08-29,4497.629883
2023-08-30,4514.870117
2023-08-31,4507.660156
2023-09-01,4515.770020
2023-09-04,4515.770020
2023-09-05,4496.830078
2023-09-06,4465.479980
2023-09-07,4451.140137
2023-09-08,4457.490234
2023-09-11,4487.459961
2023-09-12,4461.899902
2023-09-13,4467.439941
2023-09-14,4505.100098
2023-09-15,4450.319824
2023-09-18,4453.529785
2023-09-19,4443.950195
2023-09-20,4402.200195
2023-09-21,4330.000000
2023-09-22,4320.060059
2023-09-25,4337.439941
2023-09-26,4273.529785
2023-09-27,4274.509766
2023-09-28,4299.700195
2023-09-29,4288.049805
2023-10-02,4288.390137
2023-10-03,4229.450195
2023-10-04,4263.750000
2023-10-05,4258.189941
2023-10-06,4308.500000
2023-10-09,4335.660156
2023-10-10,4358.240234
2023-10-11,4376.950195
2023-10-12,4349.609863
2023-10-13,4327.779785
2023-10-16,4373.629883
2023-10-17,4373.200195
2023-10-18,4314.600098
2023-10-19,4278.000000
2023-10-20,4224.160156
2023-10-23,4217.040039
2023-10-24,4247.680176
2023-10-25,4186.770020
2023-10-26,4137.229980
2023-10-27,4117.370117
2023-10-30,4166.819824
2023-10-31,4193.799805
2023-11-01,4237.859863
2023-11-02,4317.779785
2023-11-03,4358.339844
2023-11-06,4365.979980
2023-11-07,4378.379883
2023-11-08,4382.779785
2023-11-09,4347.350098
2023-11-10,4415.240234
2023-11-13,4411.549805
2023-11-14,4495.700195
2023-11-15,4502.879883
2023-11-16,4508.240234
2023-11-17,4514.020020
2023-11-20,4547.379883
2023-11-21,4538.189941
2023-11-22,4556.620117
2023-11-23,4556.620117
2023-11-24,4559.339844
2023-11-27,4550.430176
2023-11-28,4554.890137
2023-11-29,4550.580078
2023-11-30,4567.799805
2023-12-01,4594.629883
2023-12-04,4569.779785
2023-12-05,4567.180176
2023-12-06,4549.339844
2023-12-07,4585.589844
2023-12-08,4604.370117
2023-12-11,4622.439941
2023-12-12,4643.700195
2023-12-13,4707.089844
2023-12-14,4719.549805
2023-12-15,4719.189941
2023-12-18,4740.560059
2023-12-19,4768.370117
2023-12-20,4698.350098
2023-12-21,4746.750000
2023-12-22,4754.629883
2023-12-25,4754.629883
2023-12-26,4774.750000
2023-12-27,4781.580078
2023-12-28,4783.350098
2023-12-29,4769.830078
2024-01-01,4769.830078
2024-01-02,4742.830078
2024-01-03,4704.810059
2024-01-04,4688.680176
2024-01-05,4697.240234
2024-01-08,4763.540039
2024-01-09,4756.500000
2024-01-10,4783.450195
2024-01-11,4780.240234
2024-01-12,4783.830078
2024-01-15,4783.830078
2024-01-16,4765.979980
2024-01-17,4739.209961
2024-01-18,4780.939941
2024-01-19,4839.810059
2024-01-22,4850.430176
2024-01-23,4864.600098
2024-01-24,4868.549805
2024-01-25,4894.160156
2024-01-26,4890.970215
2024-01-29,4927.930176
2024-01-30,4924.970215
2024-01-31,4845.649902
2024-02-01,4906.189941
2024-02-02,4958.609863
2024-02-05,4942.810059
2024-02-06,4954.229980
2024-02-07,4995.060059
2024-02-08,4997.910156
2024-02-09,5026.609863
2024-02-12,5021.839844
2024-02-13,4953.169922
2024-02-14,5000.620117
2024-02-15,5029.729980
2024-02-16,5005.569824
2024-02-19,5005.569824
2024-02-20,4975.509766
2024-02-21,4981.799805
2024-02-22,5087.029785
2024-02-23,5088.799805
2024-02-26,5069.529785
2024-02-27,5078.180176
2024-02-28,5069.759766
2024-02-29,5096.270020
2024-03-01,5137.080078
2024-03-04,5130.950195
2024-03-05,5078.649902
2024-03-06,5104.759766
2024-03-07,5157.359863
2024-03-08,5123.689941
2024-03-11,5117.939941
2024-03-12,5175.270020
2024-03-13,5165.310059
2024-03-14,5150.479980
2024-03-15,5117.089844
2024-03-18,5149.419922
2024-03-19,5178.509766
2024-03-20,5224.620117
2024-03-21,5241.529785
2024-03-22,5234.180176
2024-03-25,5218.189941
2024-03-26,5203.580078
2024-03-27,5248.490234
2024-03-28,5254.350098
2024-03-29,5254.350098
2024-04-01,5243.770020
2024-04-02,5205.810059
2024-04-03,5211.490234
2024-04-04,5147.209961
2024-04-05,5204.339844
2024-04-08,5202.390137
2024-04-09,5209.910156
2024-04-10,5160.640137
2024-04-11,5199.060059
2024-04-12,5123.410156
2024-04-15,5061.819824
2024-04-16,5051.410156
2024-04-17,5022.209961
2024-04-18,5011.120117
2024-04-19,4967.229980
2024-04-22,5010.600098
2024-04-23,5070.549805
2024-04-24,5071.629883
2024-04-25,5048.419922
2024-04-26,5099.959961
2024-04-29,5116.169922
2024-04-30,5035.689941
2024-05-01,5018.390137
2024-05-02,5064.200195
2024-05-03,5127.790039
2024-05-06,5180.740234
2024-05-07,5187.700195
2024-05-08,5187.669922
2024-05-09,5214.080078
2024-05-10,5222.680176
2024-05-13,5221.419922
2024-05-14,5246.680176
2024-05-15,5308.149902
2024-05-16,5297.100098
2024-05-17,5303.270020
2024-05-20,5308.129883
2024-05-21,5321.410156
2024-05-22,5307.009766
2024-05-23,5267.839844
2024-05-24,5304.720215
2024-05-27,5304.720215
2024-05-28,5306.040039
2024-05-29,5266.950195
2024-05-30,5235.479980
2024-05-31,5277.509766
2024-06-03,5283.399902
2024-06-04,5291.339844
2024-06-05,5354.029785
2024-06-06,5352.959961
2024-06-07,5346.990234
2024-06-10,5360.790039
2024-06-11,5375.319824
2024-06-12,5421.029785
2024-06-13,5433.740234
2024-06-14,5431.600098
2024-06-17,5473.229980
2024-06-18,5487.029785
2024-06-19,5487.029785
2024-06-20,5473.169922
2024-06-21,5464.620117
2024-06-24,5447.870117
2024-06-25,5469.299805
2024-06-26,5477.899902
2024-06-27,5482.870117
2024-06-28,5460.479980
2024-07-01,5475.089844
2024-07-02,5509.009766
2024-07-03,5537.020020
2024-07-04,5537.020020
2024-07-05,5567.189941
2024-07-08,5572.850098
2024-07-09,5576.979980
2024-07-10,5633.910156
2024-07-11,5584.540039
2024-07-12,5615.350098
2024-07-15,5631.220215
2024-07-16,5667.200195
2024-07-17,5588.270020
2024-07-18,5544.589844
2024-07-19,5505.000000
2024-07-22,5564.410156
2024-07-23,5555.740234
2024-07-24,5427.129883
2024-07-25,5399.220215
2024-07-26,5459.100098
2024-07-29,5463.540039
2024-07-30,5436.439941
2024-07-31,5522.299805
2024-08-01,5446.680176
2024-08-02,5346.560059
2024-08-05,5186.330078
2024-08-06,5240.029785
2024-08-07,5199.500000
2024-08-08,5319.310059
2024-08-09,5344.160156
2024-08-12,5344.390137
2024-08-13,5434.430176
2024-08-14,5455.209961
2024-08-15,5543.220215
2024-08-16,5554.250000
2024-08-19,5608.250000
2024-08-20,5597.120117
2024-08-21,5620.850098
2024-08-22,5570.640137
2024-08-23,5634.609863
2024-08-26,5616.839844
2024-08-27,5625.799805
2024-08-28,5592.180176
2024-08-29,5591.959961
2024-08-30,5648.399902
2024-09-02,5648.399902
2024-09-03,5528.930176
2024-09-04,5520.069824
2024-09-05,5503.410156
2024-09-06,5408.419922
2024-09-09,5471.049805
2024-09-10,5495.520020
2024-09-11,5554.129883
2024-09-12,5595.759766
2024-09-13,5626.020020
2024-09-16,5633.089844
2024-09-17,5634.580078
2024-09-18,5618.259766
2024-09-19,5713.640137
2024-09-20,5702.549805
2024-09-23,5718.569824
2024-09-24,5732.930176
2024-09-25,5722.259766
2024-09-26,5745.370117
2024-09-27,5738.169922
2024-09-30,5762.479980
2024-10-01,5708.750000
2024-10-02,5709.540039
2024-10-03,5699.939941
2024-10-04,5751.069824
2024-10-07,5695.939941
2024-10-08,5751.129883
2024-10-09,5792.040039
2024-10-10,5780.049805
2024-10-11,5815.029785
2024-10-14,5859.850098
2024-10-15,5815.259766
2024-10-16,5842.470215
2024-10-17,5841.470215
2024-10-18,5864.669922
2024-10-21,5853.979980
2024-10-22,5851.200195
2024-10-23,5797.419922
2024-10-24,5809.859863
2024-10-25,5808.120117
2024-10-28,5823.520020
2024-10-29,5832.919922
2024-10-30,5813.669922
2024-10-31,5705.450195
2024-11-01,5728.799805
2024-11-04,5712.689941
2024-11-05,5782.759766
2024-11-06,5929.040039
2024-11-07,5973.100098
2024-11-08,5995.540039
2024-11-11,6001.350098
2024-11-12,5983.990234
2024-11-13,5985.379883
2024-11-14,5949.169922
2024-11-15,5870.620117
2024-11-18,5893.620117
2024-11-19,5916.979980
2024-11-20,5917.109863
2024-11-21,5948.709961
2024-11-22,5969.339844
2024-11-25,5987.370117
2024-11-26,6021.629883
2024-11-27,5998.740234
2024-11-28,5998.740234
2024-11-29,6032.379883
2024-12-02,6047.149902
2024-12-03,6049.879883
2024-12-04,6086.490234
2024-12-05,6075.109863
2024-12-06,6090.270020
2024-12-09,6052.850098
2024-12-10,6034.910156
2024-12-11,6084.189941
2024-12-12,6051.250000
2024-12-13,6051.089844
2024-12-16,6074.080078
2024-12-17,6050.609863
2024-12-18,5872.160156
2024-12-19,5867.080078
2024-12-20,5930.850098
2024-12-23,5974.069824
2024-12-24,6040.040039
2024-12-25,6040.040039
2024-12-26,6037.589844
2024-12-27,5970.839844
2024-12-30,5906.939941
2024-12-31,5881.629883
2025-01-01,5881.629883
2025-01-02,5868.549805
2025-01-03,5942.470215
2025-01-06,5975.379883
2025-01-07,5909.029785
2025-01-08,5918.250000
2025-01-09,5918.250000
2025-01-10,5827.040039
2025-01-13,5836.220215
2025-01-14,5842.910156
2025-01-15,5949.910156
2025-01-16,5937.339844
2025-01-17,5996.660156
2025-01-20,5996.660156
2025-01-21,6049.240234
2025-01-22,6086.370117
2025-01-23,6118.709961
2025-01-24,6101.240234
2025-01-27,6012.279785
2025-01-28,6067.700195
2025-01-29,6039.310059
2025-01-30,6071.169922
2025-01-31,6040.529785
2025-02-03,5994.569824
2025-02-04,6037.879883
2025-02-05,6061.479980
2025-02-06,6083.569824
2025-02-07,6025.990234
2025-02-10,6066.439941
2025-02-11,6068.500000
2025-02-12,6051.970215
2025-02-13,6115.069824
2025-02-14,6114.629883
2025-02-17,6114.629883
2025-02-18,6129.580078
2025-02-19,6144.149902
2025-02-20,6117.520020
2025-02-21,6013.129883
2025-02-24,5983.250000
2025-02-25,5955.250000
2025-02-26,5956.060059
2025-02-27,5861.569824
2025-02-28,5954.500000
2025-03-03,5849.720215
2025-03-04,5778.149902
2025-03-05,5842.629883
2025-03-06,5738.520020
2025-03-07,5770.200195
2025-03-10,5614.560059
2025-03-11,5572.069824
2025-03-12,5599.299805
2025-03-13,5521.520020
2025-03-14,5638.939941
2025-03-17,5675.120117
2025-03-18,5614.660156
2025-03-19,5675.290039
2025-03-20,5662.890137
2025-03-21,5667.560059
2025-03-24,5767.569824
2025-03-25,5776.649902
2025-03-26,5712.200195
2025-03-27,5693.310059
2025-03-28,5580.939941
2025-03-31,5611.850098
2025-04-01,5633.069824
2025-04-02,5670.970215
2025-04-03,5396.520020
2025-04-04,5074.080078
2025-04-07,5062.250000
2025-04-08,4982.770020
2025-04-09,5456.899902
2025-04-10,5268.049805
2025-04-11,5363.359863
2025-04-14,5405.970215
2025-04-15,5396.629883
2025-04-16,5275.700195
2025-04-17,5282.700195
2025-04-18,5282.700195
2025-04-21,5158.200195
2025-04-22,5287.759766
2025-04-23,5375.859863
2025-04-24,5484.770020
2025-04-25,5525.209961
2025-04-28,5528.750000
2025-04-29,5560.830078
2025-04-30,5569.060059
2025-05-01,5604.140137
2025-05-02,5686.669922
2025-05-05,5650.379883
2025-05-06,5606.910156
2025-05-07,5631.279785
2025-05-08,5663.939941
2025-05-09,5659.910156
2025-05-12,5844.189941
2025-05-13,5886.549805
2025-05-14,5892.580078
2025-05-15,5916.930176
2025-05-16,5958.379883
2025-05-19,5963.600098
2025-05-20,5940.459961
2025-05-21,5844.609863
2025-05-22,5842.009766
2025-05-23,5802.819824
2025-05-26,5802.819824
2025-05-27,5921.540039
2025-05-28,5888.549805
2025-05-29,5912.169922
2025-05-30,5911.689941
2025-06-02,5935.939941
2025-06-03,5970.370117
2025-06-04,5970.810059
2025-06-05,5939.299805
2025-06-06,6000.359863
2025-06-09,6005.879883
2025-06-10,6038.810059
2025-06-11,6022.240234
2025-06-12,6045.259766
2025-06-13,5976.970215
2025-06-16,6033.109863
2025-06-17,5982.720215
2025-06-18,5980.870117
2025-06-19,5980.870117
2025-06-20,5967.839844
2025-06-23,6025.169922
2025-06-24,6092.180176
2025-06-25,6092.160156
2025-06-26,6141.020020
2025-06-27,6173.069824
2025-06-30,6204.950195
2025-07-01,6198.009766
2025-07-02,6227.419922
2025-07-03,6279.350098
2025-07-04,6279.350098
2025-07-07,6229.979980
2025-07-08,6225.520020
2025-07-09,6263.259766
2025-07-10,6280.459961
2025-07-11,6259.750000
2025-07-14,6268.560059
2025-07-15,6243.759766
2025-07-16,6263.700195
2025-07-17,6297.359863
2025-07-18,6296.790039
2025-07-21,6305.600098
2025-07-22,6309.620117
2025-07-23,6358.910156
2025-07-24,6363.350098
2025-07-25,6388.640137
2025-07-28,6389.770020
2025-07-29,6370.859863
2025-07-30,6362.899902
2025-07-31,6339.390137
2025-08-01,6238.009766
2025-08-04,6329.939941
2025-08-05,6299.189941
2025-08-06,6345.060059
2025-08-07,6340.000000
2025-08-08,6389.450195
2025-08-11,6373.450195
2025-08-12,6445.759766
2025-08-13,6466.580078
2025-08-14,6468.540039
2025-08-15,6449.799805
2025-08-18,6449.149902
2025-08-19,6411.370117
2025-08-20,6395.779785
2025-08-21,6370.169922
2025-08-22,6466.910156
2025-08-25,6439.319824
2025-08-26,6465.939941
2025-08-27,6481.399902
2025-08-28,6501.859863
2025-08-29,6460.259766
2025-09-01,6460.259766
2025-09-02,6415.540039
2025-09-03,6448.259766
2025-09-04,6502.080078
2025-09-05,6481.500000
2025-09-08,6495.149902
2025-09-09,6512.609863
2025-09-10,6532.040039
2025-09-11,6587.470215
2025-09-12,6584.290039
2025-09-15,6615.279785
2025-09-16,6606.759766
2025-09-17,6600.350098
2025-09-18,6631.959961
2025-09-19,6664.359863
2025-09-22,6693.750000
2025-09-23,6656.919922
2025-09-24,6637.970215
2025-09-25,6604.720215
2025-09-26,6643.700195
2025-09-29,6661.209961
2025-09-30,6688.459961
2025-10-01,6711.200195
2025-10-02,6715.350098
2025-10-03,6715.790039
2025-10-06,6740.279785
2025-10-07,6714.589844
2025-10-08,6753.720215
2025-10-09,6735.109863
2025-10-10,6552.509766
2025-10-13,6654.720215
2025-10-14,6644.310059
2025-10-15,6671.060059
2025-10-16,6629.069824
2025-10-17,6664.009766
2025-10-20,6735.129883
2025-10-21,6735.350098
2025-10-22,6699.399902
2025-10-23,6738.439941
2025-10-24,6791.689941
2025-10-27,6875.160156
2025-10-28,6890.890137
2025-10-29,6890.589844
2025-10-30,6822.339844
2025-10-31,6840.200195
2025-11-03,6851.970215
2025-11-04,6771.549805
2025-11-05,6796.290039
2025-11-06,6720.319824
2025-11-07,6728.799805
2025-11-10,6832.430176
2025-11-11,6846.609863
2025-11-12,6850.919922
2025-11-13,6737.490234
2025-11-14,6734.109863
2025-11-17,6672.410156
2025-11-18,6617.319824
2025-11-19,6642.160156
2025-11-20,6538.759766
2025-11-21,6602.990234
2025-11-24,6705.120117
2025-11-25,6765.879883
2025-11-26,6812.609863
